{
  "body": {
    "cinemas": [
      {
        "id": "8014",
        "groupId": "aberdeen",
        "displayName": "Aberdeen - Queens Links",
        "link": "/cinemas/aberdeen-queens-links",
        "address": "Queens Links Leisure Park, Links Road, AB24 5EN, Aberdeen",
        "bookingUrl": "https://booking.cineworld.co.uk",
        "blockOnlineSales": false,
        "blockOnlineSalesUntil": null
      },
      {
        "id": "8018",
        "groupId": "aberdeen",
        "displayName": "Aberdeen - Union Square",
        "link": "/cinemas/aberdeen-union-square",
        "address": "Union Square, Guild Square, AB11 5RG, Aberdeen",
        "bookingUrl": "https://booking.cineworld.co.uk",
        "blockOnlineSales": false,
        "blockOnlineSalesUntil": null
      },
      {
        "id": "8015",
        "groupId": "aldershot",
        "displayName": "Aldershot",
        "link": "/cinemas/aldershot",
        "address": "Westgate, GU11 1WG, Aldershot",
        "bookingUrl": "https://booking.cineworld.co.uk",
        "blockOnlineSales": false,
        "blockOnlineSalesUntil": null
      },
      {
        "id": "8016",
        "groupId": "ashford",
        "displayName": "Ashford",
        "link": "/cinemas/ashford",
        "address": "Eureka Entertainment Centre , Rutherford Road, TN25 4BN, Ashford",
        "bookingUrl": "https://booking.cineworld.co.uk",
        "blockOnlineSales": false,
        "blockOnlineSalesUntil": null
      },
      {
        "id": "8017",
        "groupId": "ashton-under-lyne",
        "displayName": "Ashton-under-Lyne",
        "link": "/cinemas/ashton-under-lyne",
        "address": "Ashton Leisure Park , Fold Way, OL7 0PG, Ashton-under-Lyne",
        "bookingUrl": "https://booking.cineworld.co.uk",
        "blockOnlineSales": false,
        "blockOnlineSalesUntil": null
      },
      {
        "id": "8113",
        "groupId": "basildon",
        "displayName": "Basildon",
        "link": "/cinemas/basildon",
        "address": "Festival Leisure Park, SS14 3WB, Basildon",
        "bookingUrl": "https://booking.cineworld.co.uk",
        "blockOnlineSales": false,
        "blockOnlineSalesUntil": null
      },
      {
        "id": "8019",
        "groupId": "bedford",
        "displayName": "Bedford",
        "link": "/cinemas/bedford",
        "address": "Aspects Leisure Park, Newnham Avenue, MK41 9LW, Bedford",
        "bookingUrl": "https://booking.cineworld.co.uk",
        "blockOnlineSales": false,
        "blockOnlineSalesUntil": null
      },
      {
        "id": "8022",
        "groupId": "birmingham",
        "displayName": "Birmingham - Broad Street",
        "link": "/cinemas/birmingham-broad-street",
        "address": "181 Broad Street, B15 1DA, Birmingham",
        "bookingUrl": "https://booking.cineworld.co.uk",
        "blockOnlineSales": false,
        "blockOnlineSalesUntil": null
      },
      {
        "id": "8102",
        "groupId": "birmingham",
        "displayName": "Birmingham - NEC",
        "link": "/cinemas/birmingham-nec",
        "address": "Resorts World, Pendigo Way, B40 1PU, Birmingham",
        "bookingUrl": "https://booking.cineworld.co.uk",
        "blockOnlineSales": false,
        "blockOnlineSalesUntil": null
      },
      {
        "id": "8029",
        "groupId": "boldon",
        "displayName": "Boldon Tyne and Wear",
        "link": "/cinemas/boldon-tyne-and-wear",
        "address": "Boldon Leisure Park, Bolden Colliery, NE35 9PB, Tyne and Wear",
        "bookingUrl": "https://booking.cineworld.co.uk",
        "blockOnlineSales": false,
        "blockOnlineSalesUntil": null
      },
      {
        "id": "8023",
        "groupId": "bolton",
        "displayName": "Bolton",
        "link": "/cinemas/bolton",
        "address": "The Valley, 15 Eagley Brook Way, BL1 8TS, Bolton",
        "bookingUrl": "https://booking.cineworld.co.uk",
        "blockOnlineSales": false,
        "blockOnlineSalesUntil": null
      },
      {
        "id": "8119",
        "groupId": "bracknell",
        "displayName": "Bracknell",
        "link": "/cinemas/bracknell",
        "address": "2 Eagle Lane, RG12 1BG, Bracknell",
        "bookingUrl": "https://booking.cineworld.co.uk",
        "blockOnlineSales": false,
        "blockOnlineSalesUntil": null
      },
      {
        "id": "8021",
        "groupId": "bradford",
        "displayName": "Bradford",
        "link": "/cinemas/bradford",
        "address": "Bradford Leisure Exchange, Vicar Lane, BD1 5LD, Bradford",
        "bookingUrl": "https://booking.cineworld.co.uk",
        "blockOnlineSales": false,
        "blockOnlineSalesUntil": null
      },
      {
        "id": "8025",
        "groupId": "braintree",
        "displayName": "Braintree",
        "link": "/cinemas/braintree",
        "address": "Freeport Leisure, Charter Way, CM77 8YH, Braintree",
        "bookingUrl": "https://booking.cineworld.co.uk",
        "blockOnlineSales": false,
        "blockOnlineSalesUntil": null
      },
      {
        "id": "8026",
        "groupId": "brighton",
        "displayName": "Brighton",
        "link": "/cinemas/brighton",
        "address": "Brighton Marina Village, BN2 5UF, Brighton",
        "bookingUrl": "https://booking.cineworld.co.uk",
        "blockOnlineSales": false,
        "blockOnlineSalesUntil": null
      },
      {
        "id": "8028",
        "groupId": "bristol",
        "displayName": "Bristol",
        "link": "/cinemas/bristol",
        "address": "Hengrove Leisure Park, Hengrove Way, BS14 0HR, Bristol",
        "bookingUrl": "https://booking.cineworld.co.uk",
        "blockOnlineSales": false,
        "blockOnlineSalesUntil": null
      },
      {
        "id": "8100",
        "groupId": "broughton",
        "displayName": "Broughton",
        "link": "/cinemas/broughton",
        "address": "Broughton Shopping Park, Chester Road, Flintshire, CH4 0DE, Broughton",
        "bookingUrl": "https://booking.cineworld.co.uk",
        "blockOnlineSales": false,
        "blockOnlineSalesUntil": null
      },
      {
        "id": "8024",
        "groupId": "burton-upon-trent",
        "displayName": "Burton upon Trent",
        "link": "/cinemas/burton-upon-trent",
        "address": "Middle Way Park, Guild Street, DE14 1NQ, Burton upon Trent",
        "bookingUrl": "https://booking.cineworld.co.uk",
        "blockOnlineSales": false,
        "blockOnlineSalesUntil": null
      },
      {
        "id": "8027",
        "groupId": "bury-st-edmunds",
        "displayName": "Bury St Edmunds",
        "link": "/cinemas/bury-st-edmunds",
        "address": "Park Way, IP33 3BA, Bury St Edmunds",
        "bookingUrl": "https://booking.cineworld.co.uk",
        "blockOnlineSales": false,
        "blockOnlineSalesUntil": null
      },
      {
        "id": "8031",
        "groupId": "cardiff",
        "displayName": "Cardiff",
        "link": "/cinemas/cardiff",
        "address": "Mary Ann Street, CF10 2EN, Cardiff",
        "bookingUrl": "https://booking.cineworld.co.uk",
        "blockOnlineSales": false,
        "blockOnlineSalesUntil": null
      },
      {
        "id": "8032",
        "groupId": "castleford",
        "displayName": "Castleford",
        "link": "/cinemas/castleford",
        "address": "Xscape, Colorado Way, WF10 4TA, Castleford",
        "bookingUrl": "https://booking.cineworld.co.uk",
        "blockOnlineSales": false,
        "blockOnlineSalesUntil": null
      },
      {
        "id": "8034",
        "groupId": "cheltenham",
        "displayName": "Cheltenham",
        "link": "/cinemas/cheltenham",
        "address": "The Brewery, Oxford Passage, St Margaret's Road, GL50 4EF, Cheltenham",
        "bookingUrl": "https://booking.cineworld.co.uk",
        "blockOnlineSales": false,
        "blockOnlineSalesUntil": null
      },
      {
        "id": "8038",
        "groupId": "cheltenham",
        "displayName": "Cheltenham - The Screening Rooms",
        "link": "/cinemas/cheltenham-the-screening-rooms",
        "address": "The Brewery, Oxford Passage, St Margaret's Road, GL50 4EF, Cheltenham",
        "bookingUrl": "https://booking.cineworld.co.uk",
        "blockOnlineSales": false,
        "blockOnlineSalesUntil": null
      },
      {
        "id": "8039",
        "groupId": "chesterfield",
        "displayName": "Chesterfield",
        "link": "/cinemas/chesterfield",
        "address": "Alma Leisure Park, Derby Road, S40 2ED, Chesterfield",
        "bookingUrl": "https://booking.cineworld.co.uk",
        "blockOnlineSales": false,
        "blockOnlineSalesUntil": null
      },
      {
        "id": "8033",
        "groupId": "chichester",
        "displayName": "Chichester",
        "link": "/cinemas/chichester",
        "address": "Chichester Gate, PO19 8EL, Chichester",
        "bookingUrl": "https://booking.cineworld.co.uk",
        "blockOnlineSales": false,
        "blockOnlineSalesUntil": null
      },
      {
        "id": "8037",
        "groupId": "crawley",
        "displayName": "Crawley",
        "link": "/cinemas/crawley",
        "address": "Crawley Leisure Park, London Road, RH10 8LR, Crawley",
        "bookingUrl": "https://booking.cineworld.co.uk",
        "blockOnlineSales": false,
        "blockOnlineSalesUntil": null
      },
      {
        "id": "8114",
        "groupId": "dalton-park",
        "displayName": "Dalton Park",
        "link": "/cinemas/dalton-park",
        "address": "Dalton Park, County Durham, SR7 9HU, Murton",
        "bookingUrl": "https://booking.cineworld.co.uk",
        "blockOnlineSales": false,
        "blockOnlineSalesUntil": null
      },
      {
        "id": "8040",
        "groupId": "didcot",
        "displayName": "Didcot",
        "link": "/cinemas/didcot",
        "address": "27 Station Road, OX11 7NE, Didcot",
        "bookingUrl": "https://booking.cineworld.co.uk",
        "blockOnlineSales": false,
        "blockOnlineSalesUntil": null
      },
      {
        "id": "8041",
        "groupId": "didsbury",
        "displayName": "Didsbury",
        "link": "/cinemas/didsbury",
        "address": "Parrs Wood Entertainment Centre, Wilmslow Road, M20 5PG, Manchester",
        "bookingUrl": "https://booking.cineworld.co.uk",
        "blockOnlineSales": false,
        "blockOnlineSalesUntil": null
      },
      {
        "id": "8122",
        "groupId": "dover",
        "displayName": "Dover",
        "link": "/cinemas/dover",
        "address": "Unit 1, Dover St James, St James Street, CT16 1QD, Dover",
        "bookingUrl": "https://booking.cineworld.co.uk",
        "blockOnlineSales": false,
        "blockOnlineSalesUntil": null
      },
      {
        "id": "8042",
        "groupId": "dundee",
        "displayName": "Dundee",
        "link": "/cinemas/dundee",
        "address": "Camperdown Leisure Park, Kingsway West, DD2 4TF, Dundee",
        "bookingUrl": "https://booking.cineworld.co.uk",
        "blockOnlineSales": false,
        "blockOnlineSalesUntil": null
      },
      {
        "id": "8043",
        "groupId": "eastbourne",
        "displayName": "Eastbourne",
        "link": "/cinemas/eastbourne",
        "address": "Sovereign Harbour Retail Park, Pevensey Bay Road, BN23 6JH, Eastbourne",
        "bookingUrl": "https://booking.cineworld.co.uk",
        "blockOnlineSales": false,
        "blockOnlineSalesUntil": null
      },
      {
        "id": "8044",
        "groupId": "edinburgh",
        "displayName": "Edinburgh",
        "link": "/cinemas/edinburgh",
        "address": "Fountain Park, 130/3 Dundee Street, EH11 1AF, Edinburgh",
        "bookingUrl": "https://booking.cineworld.co.uk",
        "blockOnlineSales": false,
        "blockOnlineSalesUntil": null
      },
      {
        "id": "8116",
        "groupId": "ely",
        "displayName": "Ely",
        "link": "/cinemas/ely",
        "address": "Ely Leisure Village, Downham Road, CB6 2WH, Ely",
        "bookingUrl": "https://booking.cineworld.co.uk",
        "blockOnlineSales": false,
        "blockOnlineSalesUntil": null
      },
      {
        "id": "8046",
        "groupId": "falkirk",
        "displayName": "Falkirk",
        "link": "/cinemas/falkirk",
        "address": "Central Retail Park, Old Bison Works, FK1 1LW, Falkirk",
        "bookingUrl": "https://booking.cineworld.co.uk",
        "blockOnlineSales": false,
        "blockOnlineSalesUntil": null
      },
      {
        "id": "8054",
        "groupId": "glasgow",
        "displayName": "Glasgow - IMAX at GSC",
        "link": "/cinemas/glasgow-imax-at-gsc",
        "address": "50 Pacific Quay, G51 1EA, Glasgow",
        "bookingUrl": "https://booking.cineworld.co.uk",
        "blockOnlineSales": false,
        "blockOnlineSalesUntil": null
      },
      {
        "id": "8049",
        "groupId": "glasgow",
        "displayName": "Glasgow - Parkhead",
        "link": "/cinemas/glasgow-parkhead",
        "address": "Forge Shopping Centre, 1221 Gallowgate, G31 4EB, Glasgow",
        "bookingUrl": "https://booking.cineworld.co.uk",
        "blockOnlineSales": false,
        "blockOnlineSalesUntil": null
      },
      {
        "id": "8053",
        "groupId": "glasgow",
        "displayName": "Glasgow - Renfrew Street",
        "link": "/cinemas/glasgow-renfrew-street",
        "address": "7 Renfrew Street, G2 3AB, Glasgow",
        "bookingUrl": "https://booking.cineworld.co.uk",
        "blockOnlineSales": false,
        "blockOnlineSalesUntil": null
      },
      {
        "id": "8101",
        "groupId": "glasgow",
        "displayName": "Glasgow - Silverburn",
        "link": "/cinemas/glasgow-silverburn",
        "address": "Silverburn Shopping Centre, 763 Barrhead Road, G53 6AG, Glasgow",
        "bookingUrl": "https://booking.cineworld.co.uk",
        "blockOnlineSales": false,
        "blockOnlineSalesUntil": null
      },
      {
        "id": "8051",
        "groupId": "gloucester-quays",
        "displayName": "Gloucester Quays",
        "link": "/cinemas/gloucester-quays",
        "address": "Gloucester Quays Outlet Centre, Merchants Road, GL1 5SH, Gloucester",
        "bookingUrl": "https://booking.cineworld.co.uk",
        "blockOnlineSales": false,
        "blockOnlineSalesUntil": null
      },
      {
        "id": "8115",
        "groupId": "harlow",
        "displayName": "Harlow - Harvey Centre",
        "link": "/cinemas/harlow-harvey-centre",
        "address": "Harvey Shopping Centre, CM20 1XR, Harlow",
        "bookingUrl": "https://booking.cineworld.co.uk",
        "blockOnlineSales": false,
        "blockOnlineSalesUntil": null
      },
      {
        "id": "8056",
        "groupId": "harlow",
        "displayName": "Harlow - Queensgate",
        "link": "/cinemas/harlow-queensgate",
        "address": "Edinburgh Way, CM20 2DA, Harlow",
        "bookingUrl": "https://booking.cineworld.co.uk",
        "blockOnlineSales": false,
        "blockOnlineSalesUntil": null
      },
      {
        "id": "8057",
        "groupId": "haverhill",
        "displayName": "Haverhill",
        "link": "/cinemas/haverhill",
        "address": "Ehringshausen Way, CB9 0ER, Haverhill",
        "bookingUrl": "https://booking.cineworld.co.uk",
        "blockOnlineSales": false,
        "blockOnlineSalesUntil": null
      },
      {
        "id": "8111",
        "groupId": "hemel-hempstead",
        "displayName": "Hemel Hempstead",
        "link": "/cinemas/hemel-hempstead",
        "address": "Jarman Square, Formerly Leisure World, Jarman Park, HP2 4JW, Hemel Hempstead",
        "bookingUrl": "https://booking.cineworld.co.uk",
        "blockOnlineSales": false,
        "blockOnlineSalesUntil": null
      },
      {
        "id": "8061",
        "groupId": "high-wycombe",
        "displayName": "High Wycombe",
        "link": "/cinemas/high-wycombe",
        "address": "Denmark Street, Eden, HP11 2DB, High Wycombe",
        "bookingUrl": "https://booking.cineworld.co.uk",
        "blockOnlineSales": false,
        "blockOnlineSalesUntil": null
      },
      {
        "id": "8105",
        "groupId": "hinckley",
        "displayName": "Hinckley",
        "link": "/cinemas/hinckley",
        "address": "The Crescent, Station Road, LE10 1AW, Hinckley",
        "bookingUrl": "https://booking.cineworld.co.uk",
        "blockOnlineSales": false,
        "blockOnlineSalesUntil": null
      },
      {
        "id": "8059",
        "groupId": "hull",
        "displayName": "Hull",
        "link": "/cinemas/hull",
        "address": "Kingswood Retail Park, Gibraltar Road, HU7 3DB, Hull",
        "bookingUrl": "https://booking.cineworld.co.uk",
        "blockOnlineSales": false,
        "blockOnlineSalesUntil": null
      },
      {
        "id": "8060",
        "groupId": "huntingdon",
        "displayName": "Huntingdon",
        "link": "/cinemas/huntingdon",
        "address": "Tower Field Park, Abbots Ripton Road, PE29 7EG, Huntingdon",
        "bookingUrl": "https://booking.cineworld.co.uk",
        "blockOnlineSales": false,
        "blockOnlineSalesUntil": null
      },
      {
        "id": "8064",
        "groupId": "ipswich",
        "displayName": "Ipswich",
        "link": "/cinemas/ipswich",
        "address": "Cardinal Park, 11 Grafton Way, IP1 1AX, Ipswich",
        "bookingUrl": "https://booking.cineworld.co.uk",
        "blockOnlineSales": false,
        "blockOnlineSalesUntil": null
      },
      {
        "id": "8063",
        "groupId": "isle-of-wight",
        "displayName": "Isle of Wight",
        "link": "/cinemas/isle-of-wight",
        "address": "Coppins Bridge, Newport, PO30 2TA, Isle of Wight",
        "bookingUrl": "https://booking.cineworld.co.uk",
        "blockOnlineSales": false,
        "blockOnlineSalesUntil": null
      },
      {
        "id": "8065",
        "groupId": "jersey",
        "displayName": "Jersey",
        "link": "/cinemas/jersey",
        "address": "Waterfront Centre, La Rue de L'Etau , JE2 4HE, St Helier",
        "bookingUrl": "https://booking.cineworld.co.uk",
        "blockOnlineSales": false,
        "blockOnlineSalesUntil": null
      },
      {
        "id": "8120",
        "groupId": "leeds",
        "displayName": "Leeds",
        "link": "/cinemas/leeds",
        "address": "White Rose Shopping Centre, Dewsbury Road, LS11 8LU, Leeds",
        "bookingUrl": "https://booking.cineworld.co.uk",
        "blockOnlineSales": false,
        "blockOnlineSalesUntil": null
      },
      {
        "id": "8066",
        "groupId": "leigh",
        "displayName": "Leigh",
        "link": "/cinemas/leigh",
        "address": "The Loom, Spinning Jenny Way, WN7 4PE, Leigh",
        "bookingUrl": "https://booking.cineworld.co.uk",
        "blockOnlineSales": false,
        "blockOnlineSalesUntil": null
      },
      {
        "id": "8068",
        "groupId": "llandudno",
        "displayName": "Llandudno",
        "link": "/cinemas/llandudno",
        "address": "Junction Way Leisure Park, LL31 9XX, Llandudno Junction",
        "bookingUrl": "https://booking.cineworld.co.uk",
        "blockOnlineSales": false,
        "blockOnlineSalesUntil": null
      },
      {
        "id": "8020",
        "groupId": "london",
        "displayName": "London - Bexleyheath",
        "link": "/cinemas/london-bexleyheath",
        "address": "28-70 Broadway, Bexleyheath, DA6 7LL, London",
        "bookingUrl": "https://booking.cineworld.co.uk",
        "blockOnlineSales": false,
        "blockOnlineSalesUntil": null
      },
      {
        "id": "8045",
        "groupId": "london",
        "displayName": "London - Enfield",
        "link": "/cinemas/london-enfield",
        "address": "Southbury Leisure Centre, 208 Southbury Road, Enfield, EN1 1YQ, London",
        "bookingUrl": "https://booking.cineworld.co.uk",
        "blockOnlineSales": false,
        "blockOnlineSalesUntil": null
      },
      {
        "id": "8047",
        "groupId": "london",
        "displayName": "London - Feltham",
        "link": "/cinemas/london-feltham",
        "address": "Leisure West, Air Park Way, Feltham, TW13 7LX, London",
        "bookingUrl": "https://booking.cineworld.co.uk",
        "blockOnlineSales": false,
        "blockOnlineSalesUntil": null
      },
      {
        "id": "8048",
        "groupId": "london",
        "displayName": "London - Fulham Road",
        "link": "/cinemas/london-fulham-road",
        "address": "142 Fulham Road, SW10 9QR, London",
        "bookingUrl": "https://booking.cineworld.co.uk",
        "blockOnlineSales": false,
        "blockOnlineSalesUntil": null
      },
      {
        "id": "8062",
        "groupId": "london",
        "displayName": "London - Ilford",
        "link": "/cinemas/london-ilford",
        "address": "I-Scene, Clements Road, Ilford, IG1 1BP, London",
        "bookingUrl": "https://booking.cineworld.co.uk",
        "blockOnlineSales": false,
        "blockOnlineSalesUntil": null
      },
      {
        "id": "8110",
        "groupId": "london",
        "displayName": "London - Leicester Square",
        "link": "/cinemas/london-leicester-square",
        "address": "5-6 Leicester Square, WC2H 7NA, London",
        "bookingUrl": "https://booking.cineworld.co.uk",
        "blockOnlineSales": false,
        "blockOnlineSalesUntil": null
      },
      {
        "id": "8118",
        "groupId": "london",
        "displayName": "London - South Ruislip",
        "link": "/cinemas/london-south-ruislip",
        "address": "The Old Dairy, Victoria Road, HA4 0EU, Ruislip",
        "bookingUrl": "https://booking.cineworld.co.uk",
        "blockOnlineSales": false,
        "blockOnlineSalesUntil": null
      },
      {
        "id": "8052",
        "groupId": "london",
        "displayName": "London - The O2 Greenwich",
        "link": "/cinemas/london-the-o2-greenwich",
        "address": "The O2, Peninsula Square, SE10 0DX, London",
        "bookingUrl": "https://booking.cineworld.co.uk",
        "blockOnlineSales": false,
        "blockOnlineSalesUntil": null
      },
      {
        "id": "8089",
        "groupId": "london",
        "displayName": "London - Wandsworth",
        "link": "/cinemas/london-wandsworth",
        "address": "Southside Shopping Centre, Wandsworth High Street, SW18 4TF, London",
        "bookingUrl": "https://booking.cineworld.co.uk",
        "blockOnlineSales": false,
        "blockOnlineSalesUntil": null
      },
      {
        "id": "8090",
        "groupId": "london",
        "displayName": "London - Wembley",
        "link": "/cinemas/london-wembley",
        "address": "London Designer Outlet, Wembley Park Boulevard, HA9 0FD, London",
        "bookingUrl": "https://booking.cineworld.co.uk",
        "blockOnlineSales": false,
        "blockOnlineSalesUntil": null
      },
      {
        "id": "8092",
        "groupId": "london",
        "displayName": "London - West India Quay",
        "link": "/cinemas/london-west-india-quay",
        "address": "Hertsmere Road, West India Quay, E14 4AL, London",
        "bookingUrl": "https://booking.cineworld.co.uk",
        "blockOnlineSales": false,
        "blockOnlineSalesUntil": null
      },
      {
        "id": "8094",
        "groupId": "london",
        "displayName": "London - Wood Green",
        "link": "/cinemas/london-wood-green",
        "address": "The Mall Wood Green, High Road, N22 6LU, London",
        "bookingUrl": "https://booking.cineworld.co.uk",
        "blockOnlineSales": false,
        "blockOnlineSalesUntil": null
      },
      {
        "id": "8108",
        "groupId": "loughborough",
        "displayName": "Loughborough",
        "link": "/cinemas/loughborough",
        "address": "Baxter Gate, LE11 1TH, Loughborough",
        "bookingUrl": "https://booking.cineworld.co.uk",
        "blockOnlineSales": false,
        "blockOnlineSalesUntil": null
      },
      {
        "id": "8069",
        "groupId": "luton",
        "displayName": "Luton",
        "link": "/cinemas/luton",
        "address": "The Galaxy, Bridge Street, LU1 2NB, Luton",
        "bookingUrl": "https://booking.cineworld.co.uk",
        "blockOnlineSales": false,
        "blockOnlineSalesUntil": null
      },
      {
        "id": "8070",
        "groupId": "middlesbrough",
        "displayName": "Middlesbrough",
        "link": "/cinemas/middlesbrough",
        "address": "Middlesbrough Leisure Park, Marton Road, TS1 2DY, Middlesbrough",
        "bookingUrl": "https://booking.cineworld.co.uk",
        "blockOnlineSales": false,
        "blockOnlineSalesUntil": null
      },
      {
        "id": "8071",
        "groupId": "milton-keynes",
        "displayName": "Milton Keynes",
        "link": "/cinemas/milton-keynes",
        "address": "Xscape, 602 Marlborough Gate, MK9 3XZ, Milton Keynes",
        "bookingUrl": "https://booking.cineworld.co.uk",
        "blockOnlineSales": false,
        "blockOnlineSalesUntil": null
      },
      {
        "id": "8117",
        "groupId": "newcastle-upon-tyne",
        "displayName": "Newcastle upon Tyne",
        "link": "/cinemas/newcastle-upon-tyne",
        "address": "The Gate, Newgate Street, NE1 5TG, Newcastle upon Tyne",
        "bookingUrl": "https://booking.cineworld.co.uk",
        "blockOnlineSales": false,
        "blockOnlineSalesUntil": null
      },
      {
        "id": "8103",
        "groupId": "newport",
        "displayName": "Newport - Friars Walk",
        "link": "/cinemas/newport-friars-walk",
        "address": "Friars Walk Shopping Centre , Usk Plaza, NP20 1DS, Newport",
        "bookingUrl": "https://booking.cineworld.co.uk",
        "blockOnlineSales": false,
        "blockOnlineSalesUntil": null
      },
      {
        "id": "8072",
        "groupId": "newport",
        "displayName": "Newport - Spytty Park",
        "link": "/cinemas/newport-spytty-park",
        "address": "Newport Retail Park, Spytty Road, NP19 4QQ, Newport",
        "bookingUrl": "https://booking.cineworld.co.uk",
        "blockOnlineSales": false,
        "blockOnlineSalesUntil": null
      },
      {
        "id": "8073",
        "groupId": "northampton",
        "displayName": "Northampton",
        "link": "/cinemas/northampton",
        "address": "Sixfields Leisure, Weedon Road, NN5 5QJ, Northampton",
        "bookingUrl": "https://booking.cineworld.co.uk",
        "blockOnlineSales": false,
        "blockOnlineSalesUntil": null
      },
      {
        "id": "8074",
        "groupId": "nottingham",
        "displayName": "Nottingham",
        "link": "/cinemas/nottingham",
        "address": "The Corner House, 29 Forman Street, NG1 4AA, Nottingham",
        "bookingUrl": "https://booking.cineworld.co.uk",
        "blockOnlineSales": false,
        "blockOnlineSalesUntil": null
      },
      {
        "id": "8112",
        "groupId": "poole",
        "displayName": "Poole",
        "link": "/cinemas/poole",
        "address": "Tower Park, BH12 4NY, Poole",
        "bookingUrl": "https://booking.cineworld.co.uk",
        "blockOnlineSales": false,
        "blockOnlineSalesUntil": null
      },
      {
        "id": "8075",
        "groupId": "rochester",
        "displayName": "Rochester",
        "link": "/cinemas/rochester",
        "address": "Medway Valley Leisure Park, Chariot Way, ME2 2SS, Rochester",
        "bookingUrl": "https://booking.cineworld.co.uk",
        "blockOnlineSales": false,
        "blockOnlineSalesUntil": null
      },
      {
        "id": "8076",
        "groupId": "rugby",
        "displayName": "Rugby",
        "link": "/cinemas/rugby",
        "address": "Junction One, Leicester Road, CV21 1RW, Rugby",
        "bookingUrl": "https://booking.cineworld.co.uk",
        "blockOnlineSales": false,
        "blockOnlineSalesUntil": null
      },
      {
        "id": "8077",
        "groupId": "runcorn",
        "displayName": "Runcorn",
        "link": "/cinemas/runcorn",
        "address": "Trident Park, Halton Lea, WA7 2FQ, Runcorn",
        "bookingUrl": "https://booking.cineworld.co.uk",
        "blockOnlineSales": false,
        "blockOnlineSalesUntil": null
      },
      {
        "id": "8079",
        "groupId": "sheffield",
        "displayName": "Sheffield",
        "link": "/cinemas/sheffield",
        "address": "Valley Centertainment, Broughton Lane, S9 2EP, Sheffield",
        "bookingUrl": "https://booking.cineworld.co.uk",
        "blockOnlineSales": false,
        "blockOnlineSalesUntil": null
      },
      {
        "id": "8080",
        "groupId": "shrewsbury",
        "displayName": "Shrewsbury",
        "link": "/cinemas/shrewsbury",
        "address": "Old Potts Way, SY3 7ET, Shrewsbury",
        "bookingUrl": "https://booking.cineworld.co.uk",
        "blockOnlineSales": false,
        "blockOnlineSalesUntil": null
      },
      {
        "id": "8081",
        "groupId": "solihull",
        "displayName": "Solihull",
        "link": "/cinemas/solihull",
        "address": "47 Mill Lane Arcarde (Upper), Touchwood, B91 3GS, Solihull",
        "bookingUrl": "https://booking.cineworld.co.uk",
        "blockOnlineSales": false,
        "blockOnlineSalesUntil": null
      },
      {
        "id": "8082",
        "groupId": "southampton",
        "displayName": "Southampton",
        "link": "/cinemas/southampton",
        "address": "Ocean Village, 4 Ocean Way, SO14 3TJ, Southampton",
        "bookingUrl": "https://booking.cineworld.co.uk",
        "blockOnlineSales": false,
        "blockOnlineSalesUntil": null
      },
      {
        "id": "8084",
        "groupId": "stevenage",
        "displayName": "Stevenage",
        "link": "/cinemas/stevenage",
        "address": "Stevenage Leisure Park, Kings Way, SG1 2UA, Stevenage",
        "bookingUrl": "https://booking.cineworld.co.uk",
        "blockOnlineSales": false,
        "blockOnlineSalesUntil": null
      },
      {
        "id": "8085",
        "groupId": "st-helens",
        "displayName": "St Helens",
        "link": "/cinemas/st-helens",
        "address": "Chalon Way West, WA10 1BF, St Helens",
        "bookingUrl": "https://booking.cineworld.co.uk",
        "blockOnlineSales": false,
        "blockOnlineSalesUntil": null
      },
      {
        "id": "8098",
        "groupId": "st-neots",
        "displayName": "St Neots",
        "link": "/cinemas/st-neots",
        "address": "The Rowley Arts Centre, Huntingdon Street, PE19 1BH, St Neots",
        "bookingUrl": "https://booking.cineworld.co.uk",
        "blockOnlineSales": false,
        "blockOnlineSalesUntil": null
      },
      {
        "id": "8106",
        "groupId": "stoke-on-trent",
        "displayName": "Stoke-on-Trent",
        "link": "/cinemas/stoke-on-trent",
        "address": "Quadrant Road, City Centre, ST1 1PS, Stoke-on-Trent",
        "bookingUrl": "https://booking.cineworld.co.uk",
        "blockOnlineSales": false,
        "blockOnlineSalesUntil": null
      },
      {
        "id": "8099",
        "groupId": "swindon",
        "displayName": "Swindon - Regent Circus",
        "link": "/cinemas/swindon-regent-circus",
        "address": "Victoria Road, SN1 1FA, Swindon",
        "bookingUrl": "https://booking.cineworld.co.uk",
        "blockOnlineSales": false,
        "blockOnlineSalesUntil": null
      },
      {
        "id": "8087",
        "groupId": "swindon",
        "displayName": "Swindon - Shaw Ridge",
        "link": "/cinemas/swindon-shaw-ridge",
        "address": "Shaw Ridge Leisure Park, Whitehill Way, SN5 7DN, Swindon",
        "bookingUrl": "https://booking.cineworld.co.uk",
        "blockOnlineSales": false,
        "blockOnlineSalesUntil": null
      },
      {
        "id": "8097",
        "groupId": "telford",
        "displayName": "Telford",
        "link": "/cinemas/telford",
        "address": "Southwater Square, TF3 4HS, Telford",
        "bookingUrl": "https://booking.cineworld.co.uk",
        "blockOnlineSales": false,
        "blockOnlineSalesUntil": null
      },
      {
        "id": "8088",
        "groupId": "wakefield",
        "displayName": "Wakefield",
        "link": "/cinemas/wakefield",
        "address": "Westgate Leisure Park, Colinsway, WF2 9SH, Wakefield",
        "bookingUrl": "https://booking.cineworld.co.uk",
        "blockOnlineSales": false,
        "blockOnlineSalesUntil": null
      },
      {
        "id": "8121",
        "groupId": "weston-super-mare",
        "displayName": "Weston-super-Mare",
        "link": "/cinemas/weston-super-mare",
        "address": "7 Central Walk, Dolphin Square, BS23 1FF, Weston-super-Mare",
        "bookingUrl": "https://booking.cineworld.co.uk",
        "blockOnlineSales": false,
        "blockOnlineSalesUntil": null
      },
      {
        "id": "8091",
        "groupId": "weymouth",
        "displayName": "Weymouth",
        "link": "/cinemas/weymouth",
        "address": "New Bond Street, DT4 8LY, Weymouth",
        "bookingUrl": "https://booking.cineworld.co.uk",
        "blockOnlineSales": false,
        "blockOnlineSalesUntil": null
      },
      {
        "id": "8104",
        "groupId": "whiteley",
        "displayName": "Whiteley",
        "link": "/cinemas/whiteley",
        "address": "Whiteley Shopping Centre, Whiteley Way, PO15 7PD, Fareham",
        "bookingUrl": "https://booking.cineworld.co.uk",
        "blockOnlineSales": false,
        "blockOnlineSalesUntil": null
      },
      {
        "id": "8093",
        "groupId": "witney",
        "displayName": "Witney",
        "link": "/cinemas/witney",
        "address": "Marriots Walk, OX28 6GW, Witney",
        "bookingUrl": "https://booking.cineworld.co.uk",
        "blockOnlineSales": false,
        "blockOnlineSalesUntil": null
      },
      {
        "id": "8095",
        "groupId": "wolverhampton",
        "displayName": "Wolverhampton",
        "link": "/cinemas/wolverhampton",
        "address": "Bentley Bridge Park, Wednesfield Way, WV11 1TZ, Wolverhampton",
        "bookingUrl": "https://booking.cineworld.co.uk",
        "blockOnlineSales": false,
        "blockOnlineSalesUntil": null
      },
      {
        "id": "8107",
        "groupId": "yate",
        "displayName": "Yate",
        "link": "/cinemas/yate",
        "address": "Riverside, Link Road, BS37 4FT, Yate",
        "bookingUrl": "https://booking.cineworld.co.uk",
        "blockOnlineSales": false,
        "blockOnlineSalesUntil": null
      },
      {
        "id": "8096",
        "groupId": "yeovil",
        "displayName": "Yeovil",
        "link": "/cinemas/yeovil",
        "address": "Yeo Leisure Park, Old Station Way, BA20 1NP, Yeovil",
        "bookingUrl": "https://booking.cineworld.co.uk",
        "blockOnlineSales": false,
        "blockOnlineSalesUntil": null
      }
    ]
  }
}